rank,college_code,college_name,district,composite_score,selectivity_score,academic_quality_score,branch_strength_score,institutional_quality_score,web_reputation_score,trend_score
1,1315,"Sri Sivasubramaniya Nadar College of Engineering (Autonomous), Kalavakkam, Old Mahabalipuram Road (OMR), Chengalpattu District 603110",,93.9599,97.6922,98.8108,87.7126,94.7326,56.884,91.6667
2,1,"University Departments of Anna University, Chennai - CEG Campus, Sardar Patel Road, Guindy, Chennai 600 025",,91.8191,97.5189,99.158,88.8899,70.1919,50.0,92.5
3,4,"University Departments of Anna University, Chennai - MIT Campus, Chrompet, Tambaram Taluk, Chengalpattu District 600 044",,91.0918,98.7831,99.5751,74.9668,73.7965,50.0,94.1667
4,2377,"PSG Institute of Technology and Applied Research, Avinashi Road, Neelambur, Coimbatore 641062",Coimbatore,90.9476,95.5052,96.8979,80.6633,89.0872,50.0,95.0
5,1399,"Chennai Institute of Technology, Puduper Village, Nandambakkam Post, Kundrathur, Chennai 600069",,89.8406,94.6669,95.004,85.2704,82.7733,45.303,97.0833
6,2006,"PSG College of Technology (Autonomous), Peelamedu, Coimbatore District 641004",,88.1221,94.7767,96.9538,60.3661,88.1977,50.0,92.9167
7,2712,"Kumaraguru College of Technology (Autonomous), Chinnavedampatti Post, Coimbatore District 641006",,87.4256,91.9243,94.5322,72.6579,79.9128,53.6744,95.8333
8,2007,"Coimbatore Institute of Technology (Autonomous), Civil Aerodrome Post, Coimbatore District 641014",,86.7382,94.779,97.0116,60.741,73.3198,45.3938,93.3333
9,2005,"Government College of Technology (Autonomous), Thadagam Road, Coimbatore District 641013",,86.3254,88.3835,93.2536,72.8041,91.657,50.0,92.0833
10,5008,"Thiagarajar College of Engineering (Autonomous),Tirupparankundram, Madurai District 625015",,85.7646,94.3114,95.5367,35.7103,87.0465,71.9795,93.75
11,2718,"Sri Krishna College of Enginering and Technology (Autonomous) , Kuniamuthur, Coimbatore District 641008",,84.9769,88.5811,88.7331,76.1638,87.1512,48.1419,97.9167
12,1211,"Rajalakshmi Engineering College (Autonomous), Thandalam, Sriperumpudur Taluk, Kancheepuram District 602105",,82.8867,85.6731,87.5108,69.9107,91.6628,50.0,88.75
13,1219,"Sri Venkateswara College of Engineering (Autonomous), Post Bag No.1, Chennai-Bengaluru High Road, Pennalur, Irungattukottai S.O., Sriperumbudur Taluk, Kancheepuram District 602105",,81.8563,84.5447,85.3059,66.6695,94.343,57.1248,85.8333
14,2764,"K P R Institute of Engineering and Technology (Autonomous), Kollupalayam Village, Arasur Panchayat, Coimbatore District 641407",,80.0506,82.2072,83.2716,68.2541,86.5116,51.1943,98.75
15,5901,"Alagappa Chettiar Government College of Engineering and Technology (Autonomous), Karaikudi, Sivagangai District 630004",,78.9604,81.2441,85.7762,59.4187,82.3721,50.0,94.5833
16,2,"University Departments of Anna University, Chennai - ACT Campus, Sardar Patel Road, Guindy, Chennai 600 025",Chennai,78.7499,83.1912,87.8002,71.5038,48.1977,50.0,86.6667
17,2615,"Government College of Engineering (Autonomous), Karuppur, Salem District 636011",,78.6894,81.8139,88.3182,60.2349,67.8953,50.0,87.0833
18,1414,"Prince Shri Venkateshwara Padmavathy Engineering College, Ponmar, Chennai 600048",Chengalpattu,78.6816,83.9798,85.7799,66.5468,53.7093,50.0,99.5833
19,1432,"Rajalakshmi Institute of Technology, Irulapalayam, Kuthampakkam Post, Kancheepuram District, Chennai 600124",,78.0312,80.0203,80.7695,70.0852,80.1395,50.0,98.3333
20,2710,"Karpagam College of Engineering (Autonomous), Othakkalmandapam, Coimbatore District 641032",,77.8588,80.411,81.4341,67.4492,77.7384,50.0,97.5
21,2739,"Sri Eshwar College of Engineering (Autonomous), Kondampatti Post, Vadasithur (Via), Kinathukadavu, Coimbatore District 641202",,76.6398,78.9195,81.1769,66.3092,71.0291,50.0,99.1667
22,4974,"Government College of Engineering, Tirunelveli District 627007",,76.0412,80.6006,84.2227,59.5515,55.3721,48.5071,96.6667
23,1450,"Loyola ICAM College of Engineering and Technology, Loyola College Campus, Nungambakkam, Chennai 600034",Chennai,75.8027,77.6108,78.0924,62.1368,90.4186,50.0,90.4167
24,2025,"Anna University Regional Campus - Coimbatore, Maruthamalai Main Road, Navavoor Bharathiyar University Post, Somayampalayam, Coimbatore District 641046",,68.0752,72.8456,78.4439,58.0415,19.0698,50.0,90.8333
25,5012,"Central Electrochemical Research Institute CECRI), Karaikudi, Sivagangai District 630006",,66.9854,70.3307,70.2685,42.0492,80.3721,50.0,82.5
26,1442,"Prince Dr. K Vasudevan College of Engineering and Technology, Medavakkam- Mambakkam Road, Ponmar, Chennai 600127",Chengalpattu,65.4939,68.5136,68.8531,67.7803,28.5233,50.0,100.0
27,1113,"R M K Engineering College (Autonomous), Kavaraipettai, Gummidipoondi, Thiruvallur District 601206",,64.9722,67.1668,68.0882,53.5632,68.6163,38.8792,84.5833
28,2702,"Bannari Amman Institute of Technology (Autonomous), Sathyamanagalam, Erode District 638401",,64.637,64.5731,64.6669,48.609,92.7791,43.0152,89.1667
29,2709,"Government College of Engineering (Formerly Institute of Road and Transport Technology), Vasavi College Post, Erode District 638316",,64.2909,68.9607,72.3994,53.3351,19.5581,50.0,96.25
30,2603,"Government College of Engineering (Autonomous), Bargur, Krishnagiri District 635104",,64.0535,64.5699,66.8427,52.2529,62.1512,50.0,95.4167
31,1216,"Saveetha Engineering College (Autonomous), Thandalam, Sriperumpudur Taluk, Kancheepuram District 602105",,63.7734,60.9457,66.4708,49.3857,85.907,47.4237,88.3333
32,2708,"Hindusthan College of Engineering and Technology (Autonomous), Othakkalmandapam Post, Coimbatore District 641032",,63.1447,62.286,68.56,39.3737,75.2965,50.0,90.0
33,2715,"Nandha Engineering College (Autonomous), Pitchandampalayam Post, Erode District 638052",,59.1371,56.7639,56.8018,50.9051,86.0058,50.0,85.0
34,2613,"K S R College of Engineering (Autonomous), Tiruchengode, Namakkal District 637215",,58.3148,56.8303,56.9866,51.444,77.4302,52.1312,74.5833
35,3806,"E G S Pillay Engineering College (Autonomous), Nagapattinam District 611002",,58.0704,53.6035,57.4463,51.8756,75.8198,61.8723,80.0
36,5907,"Mohamed Sathak Engineering College, Kilakarai, Ramanathapuram District 623806",,57.8045,55.8117,56.5567,53.4737,72.1919,50.0,82.0833
37,4962,"National Engineering College (Autonomous), Kovilpatti, Thoothukudi District 628503",,57.5981,54.6918,58.3598,39.2951,87.4128,51.1943,81.25
38,2622,"V S B Engineering College (Autonomous), Kovai Road, Karur District 639111",,57.2007,53.0468,59.1445,35.1646,95.1744,50.0,77.5
39,3843,"M R K Institute of Technology, Nattarmangalam Village, Kattumannarkoil, Cuddalore District 608306",,56.9032,57.1389,57.7226,56.5575,42.4767,50.0,87.9167
40,2755,"Nehru Institute of Technology, Thirumalayampalayam Post, Coimbatore District 641105",,56.8818,54.1247,54.4864,53.7733,79.686,45.3938,82.9167
41,3826,"Kongunadu College of Engineering and Technology (Autonomous), Tholurpatti, Thottiyam, Tiruchirappalli District 621215",,56.5759,52.459,56.3032,45.6868,86.8605,52.1312,73.75
42,1412,"Mailam Engineering College, Mailam, Villupuram District 604304",,56.3917,56.831,61.1014,47.4787,38.7093,51.4641,80.8333
43,5986,"Velammal College of Engineering and Technology, Madurai District 625009",,56.334,53.9802,58.8057,39.3773,68.1105,53.0806,87.5
44,5921,"Syed Ammal Engineering College, Achuthan Vayal Post, Ramanathapuram District 623502",,56.2141,54.0902,53.6135,53.8951,73.407,52.1312,76.25
45,4864,"V V College of Engineering, Arasoor Village, Idaichivilai Post, Santhakulam Taluk, Thoothukudi District 628656",,55.995,55.5754,55.8203,52.5696,57.8314,51.1943,75.0
46,2707,"Erode Sengunthar Engineering College (Autonomous), Thudupathi Post, Erode District 638057",,55.9111,53.8752,57.0476,47.8536,81.9419,45.3938,51.6667
47,4959,"Kamaraj College of Engineering and Technology (Autonomous), Virudhunagar District 626001",,55.8889,52.8952,55.0101,51.3035,97.9884,47.9431,31.25
48,4670,"Rohini College of Engineering & Technology, Anjugramam-Kanyakumari Main Road, Palkulam, Variyoor Post, Kanyakumari District 629401",,55.5763,52.4324,54.9635,48.8904,80.814,56.2074,57.0833
49,5,"Annamalai University Faculty of Engineering and Technology,Annamalai nagar,Cuddalore",,55.5229,53.4376,59.8928,38.7963,60.8547,50.0,83.3333
50,2769,"JCT College of Engineering and Technology ( Autonomous ), Pichanur, Coimbatore. 641105.",Coimbatore,55.3129,51.3185,54.8405,48.921,82.7442,55.564,58.3333
51,4928,"MAR Ephraem College of Engineering & Technology, Malankara Hills, Elavuvillai, Marthandam, Kanyakumari District 629171",,55.2181,54.0801,53.5969,54.8263,60.4419,50.0,77.9167
52,1140,"Jeppiaar Institute of Technology,kunnam Village,Sriperumpudur Taulk,Kancheepuram District 631604",,55.1546,53.0994,55.0722,43.1729,78.2151,50.3877,70.8333
53,3841,"CARE College of Engineering (Formerly C.A.R.E Group of Institutions), Thayanoor Village, Thayanoor Village, Kuttappatti, Srirangam Taluk, Tiruchirappalli District 620009",,55.0884,52.9962,52.6566,52.6415,80.9535,50.0,57.9167
54,2656,"Builders Engineering college, Nathakadaiyur, Erode Road, Palayakottai Village, Kangeyam, Tiruppur District 638108",,55.037,50.2591,53.3091,43.792,93.6919,56.4624,66.25
55,3425,"C K College of Engineering and Technology, Chellangkuppam, Cuddalore District 607003",,54.9023,57.1361,59.0434,50.8859,24.5814,50.0,79.1667
56,3811,"M I E T Engineering College, Trichy-Pudukkottai Road, Tiruchirappalli District 620007",,54.5638,52.4414,51.7883,53.3407,86.657,50.0,43.75
57,2349,"Dhaanish Ahmed Institute of Technology, Pichanur Post, (Near K G Chavadi), Coimbatore District 641105",,54.465,56.3773,56.6475,54.9909,26.0814,47.5696,84.1667
58,3804,"Arasu Engineering College, Chennai Main Road, Kumbakonam, Thanjavur District 612501",,54.2438,53.4307,52.6212,52.7622,54.3023,50.0,86.25
59,1424,"Dhaanish Ahmed College of Engineering, Padappai, Chennai 601301",,54.2159,55.9354,55.5052,46.9918,41.3256,50.0,81.6667
60,1405,"Dhanalakshmi College of Engineering, Manimangalam, Chennai 601301",Kancheepuram,54.1817,55.1676,54.7248,54.119,43.6628,48.8674,70.0
61,4944,"Arunachala College of Engineering for Women, Thanka Gardens, Manavilai, Vellichanthai, Nagercoil, Kanyakumari District 629203",,54.1212,56.9098,61.1807,44.5356,27.2326,50.0,56.6667
62,2740,"Hindusthan Institute of Technology (Autonomous), Othakkalmandapam, Coimbatore District 641032",,54.1109,50.946,59.5644,37.2026,77.0988,50.0,45.0
63,1408,"I F E T College of Engineering (Autonomous), Gangarampalayam, Villupuram District 605108",,54.0742,52.0425,56.4422,45.7684,56.3256,51.2152,75.8333
64,1409,"Karpaga Vinayaga College of Engineering and Technology, Palayanoor Post, Maduranthagam Taluk, Chengalpattu District 603308",,53.9819,52.5176,52.2033,53.1123,62.7849,50.0,73.3333
65,2608,"M Kumarasamy College of Engineering (Autonomous), Thalavapalayam, Karur District 639113",,53.9604,51.1691,56.8282,41.3846,83.2733,50.0,38.3333
66,1237,"Velammal Institute of Technology, Chennai-Kolkatta Highway, Panchetti Village, Ponneri Taluk, Thiruvallur District 601204",,53.8879,53.7772,53.6551,53.8266,52.6337,50.0,65.4167
67,2651,"Jai Shriram Engineering College, Dharapuram Road, Avinashi Palayam, Tiruppur District 638660",,53.8852,50.8634,50.3907,52.2372,80.1395,50.0,69.1667
68,1434,"Surya Group of Institutions, GST Road, Vikravandi Village, Villupuram District 605652",,53.7533,54.36,53.8844,54.234,43.6628,50.0,71.6667
69,1013,"University College of Engineering, Villupuram, Kakuppam, Villupuram District 605103",,53.5536,56.385,59.3246,41.7222,21.2326,50.0,83.75
70,4672,"Stella Mary s College of Engineering, Arunthengan Vilai, Azhikal Post, Kanyakumari District 629202",,53.5497,51.5018,50.8589,52.7494,71.0291,52.1312,64.5833
71,2621,"Er. Perumal Manimekalai College of Engineering, Near Koneripalli, Hosur, Krishnagiri District 635117",,53.4943,51.6519,52.8847,51.8824,66.2151,50.0,59.5833
72,2620,"Vivekanandha College of Engineering for Women (Autonomous), Sathinaickenpalayam, Elayampalayam Village, Kumaramangalam, Namakkal District 637205",,53.4763,49.2742,50.0442,50.2773,87.686,50.0,66.6667
73,4980,"Einstein College of Engineering, Seethaparpanallur, Tirunelveli District 627012",,53.4361,54.9335,54.8269,55.0394,28.5233,50.0,78.3333
74,3011,"University College of Engineering, Tiruchirappalli, (Bharathidasan Institute of Technology), Tiruchirappalli District 620024",,53.183,54.1314,60.4002,40.9477,24.5814,50.0,80.4167
75,1322,"Dhanalakshmi Srinivasan College of Engineering and Technology, East Coast Road, Poonjeri, Chennai 603104",Chengalpattu,53.1531,51.1474,51.0293,51.6579,66.7791,50.0,71.25
76,2735,"Karpagam Institute of Technology, Seerapalayam Village, L&T By pass Road, Coimbatore District 641021",,53.0457,50.8764,48.9265,53.2585,71.8779,53.1693,69.5833
77,4680,"AAA College of Engineering and Technology, Kamarajar Educational Road, Amathur Village, Sivakasi, Virudhunagar District 626005",,53.044,51.4908,52.0132,50.6843,64.4709,52.1312,61.25
78,4971,"St. Xavier s Catholic College Of Engineering, Chunkankadai, Nagercoil, Kanyakumari District-629003(Autonomous)",,52.9823,49.9108,52.84,44.9818,77.3547,50.0,60.8333
79,2747,"Shree Venkateshwara Hi-Tech Engineering College, Othakuthirai, K Mettupalayam Post, Gobichettipalayam, Erode District 638455",,52.8925,50.9102,50.1685,50.9021,77.4302,53.538,50.0
80,1516,"Thanthai Periyar Government Institute of Technology, Bagayam, Vellore District 632002",,52.7291,50.7062,57.1949,38.96,64.0233,50.0,54.1667
81,1301,"Mohammed Sathak A J College of Engineering, Old Mahabalipuram Road (OMR), Egattur, Chengalpattu District 603103",,52.7171,52.8382,53.2409,51.2139,55.5465,50.0,50.0
82,2729,"Nehru Institute of Engineering and Technology, Thirumalayampalayam Post, Coimbatore District 641105",,52.4506,48.4368,50.0803,48.1915,75.8198,56.4624,68.3333
83,3830,"K Ramakrishnan College of Engineering (Autonomous), Kariyamanickam Road, Samayapuram, Manachanallur Taluk, Tiruchirappalli District 621112",,52.4399,48.9009,56.0784,34.5793,88.7209,50.0,36.25
84,1411,"Madha Engineering College, Kundrathur, Chennai 600069",,52.4215,52.6949,51.9754,52.5914,58.814,42.8474,55.0
85,1509,"Meenakshi College of Engineering, Vembuliamman Koil Street, K K Nagar (West), Chennai 600078",Chennai,52.4037,53.047,52.8732,54.7325,47.0465,50.0,50.0
86,2731,"R V S College of Engineering and Technology, Kannampalayam, Sulur, Coimbatore District 641402",,52.2976,53.6737,57.9915,47.0365,53.7093,45.3938,13.75
87,2643,"Bharathiyar Institute of Engineering for Women, Deviayakurichi, Attur Taluk, Salem District 636112",,52.2094,52.1309,51.6884,52.694,45.8256,50.0,72.0833
88,1137,"Annai Mira College of Engineering and Technology, Arcot Road, Arappakkam Village, Walaja Taulk, Ranipet District 632 517",,52.1998,53.6301,53.3173,48.4373,33.1977,51.9424,79.5833
89,2762,"Jansons Institute of Technology, Karumathampatty, Somaur, Coimbatore District 641659",,52.1894,50.0607,52.9915,45.6799,79.2442,50.0,32.5
90,2650,"Christ The King Engineering College, Cecilia Gardens, Chikkarampalayam Village, Coimbatore District 641104",,51.9538,52.2788,51.9923,52.3234,38.7093,50.0,77.0833
91,1407,"G K M College of Engineering and Technology, Alappakkam-Mappedu Road, Chennai 600063",Chengalpattu,51.9501,54.1287,53.9663,53.8419,33.1977,50.0,50.0
92,2646,"Tagore Institute of Engineering and Technology, Deviyakurichi, Attur Taluk, Salem District 636112",,51.8162,53.4919,53.34,52.5708,24.5814,50.0,78.75
93,1226,"P T Lee Chengalvaraya Naicker College of Engineering and Technology, Oovery, Veliyur Post, Kancheepuram District 631 502",,51.7888,51.7008,52.6404,50.2522,33.1977,50.0,89.5833
94,1504,"Arunai Engineering College, Mathur, Thiruvannamalai District 606603",,51.7774,49.0945,51.0876,47.6881,77.1802,50.0,45.4167
95,2711,"Kongu Engineering College (Autonomous), Perundurai, Erode District 638052",,51.7287,47.3557,49.0493,39.5303,94.5,50.0,67.0833
96,2345,"Dhirajlal Gandhi College of Technology, Sikkanampatty, (Opp. to Airport), Omalur Taluk, Salem District 636309",,51.6761,51.0642,51.3139,52.139,53.7093,45.3938,64.1667
97,1303,"Anand Institute of Higher Technology, Old Mahabalipuram Road (OMR), Kazhipattur, Chengalpattu District 603103",,51.6243,50.027,49.1549,52.3594,84.3023,50.0,22.0833
98,3805,"Dhanalakshmi Srinivasan Engineering College (Autonomous), Thuraiyur Road, Perambalur District 621212",,51.5274,47.8445,49.8777,47.9409,83.4651,52.1312,44.1667
99,2628,"Paavai College of Engineering, NH-7, Pachal Post, Namakkal District 637018",,51.4514,52.5744,52.8999,51.9113,41.3256,50.0,50.0
100,4969,"SCAD College of Engineering and Technology, Cheranmahadevi, Tirunelveli District 627414",,51.4496,52.6071,52.2417,52.635,42.0581,51.1943,50.0
101,1431,"New Prince Shri Bhavani College of Engineering and Technology, Vengaivasal Main Road, Gowrivakkam, Chennai 600073",Chengalpattu,51.4427,49.4382,49.9586,49.648,66.8256,50.0,58.75
102,2648,"Annapoorana Engineering College (Autonomous), Sankari Main Road, NH-47, Periaseeragapadi, Salem District 636308",,51.3399,48.1472,46.8132,49.5449,89.7733,47.9431,52.5
103,2721,"Tamilnadu College of Engineering, Karumathampatti Post, Coimbatore District 641659",,51.3127,51.9753,51.919,51.8562,44.9884,52.1312,50.0
104,4669,"Thamirabharani Engineering College, Chathirampudukulam Village, Thatchanallur, Tirunelveli District 627358",,51.2821,50.5036,49.9571,51.0316,62.0465,50.0,50.8333
105,1101,"Aalim Muhammed Salegh College of Engineering, Muthapudupet, Avadi IAF, Chennai 600055",,51.2756,49.0579,49.1074,49.0982,74.7674,52.1312,47.9167
106,2302,"Sri Shanmugha College of Engineering and Technology, Morur Bit II Village, Salem District 637304",,51.1167,48.398,48.4459,49.9528,84.3023,49.436,37.9167
107,5536,"Mangayarkarasi College of Engineering, First Street, Mangayarkarasi Nagar, Paravai, Madurai District 625402",,51.0983,51.4972,50.5469,50.9925,47.0465,50.0,62.5
108,4960,"Mepco Schlenk Engineering College (Autonomous), Sivakasi, Virudhunagar District 626005",,51.0934,49.4674,54.3467,28.3817,81.5174,49.6874,46.25
109,1605,"Idhaya Engineering College for Women, Chinnasalem, Kallakkurichi District 606201",,51.0811,52.5833,52.1824,53.3005,33.1977,52.1312,55.8333
110,1243,St. Lourdes Engineering College,,51.0574,51.9235,51.8434,52.0497,43.6628,50.0,50.0
111,3829,"M.A.M. College of Engineering and Technology, Trichy-Chennai Trunk Road, Siruganur, Tiruchirappalli District 621105",,51.0496,49.8672,48.6525,51.8348,71.157,51.1943,39.5833
112,2636,"A V S Engineering College, Military Road, Ammapet, Salem District 636003",,51.006,50.1236,50.1902,50.4882,58.6628,52.1312,50.4167
113,1123,"Gojan School of Business and Technology, Alamathi, Chennai 600062",,50.9719,51.5677,51.5533,53.3138,43.5233,50.0,50.0
114,1238,"G R T Institute of Engineering and Technology, GRT Mahalakshmi Nagar, Chennai-Tirupathi Highway, Tiruttani Taluk, Thiruvallur District 631209",,50.9411,50.281,48.8999,51.4727,66.6802,50.0,42.9167
115,1428,"E. S. College of Engineering and Technology, Chennai Trunk Road, Ayyankoilpattu, Villupuram District 605602",,50.9369,52.7963,52.7676,52.7813,33.1977,50.0,50.0
116,3019,"University College of Engineering, Panruti, Chennai-Kumbakonam Highway, Panikkankuppam, Panruti, Cuddalore District 607106",,50.8897,53.634,54.2964,52.4915,20.814,50.0,53.75
117,1441,"A K T Memorial College of Engineering and Technology, Neelamangalam Village, Kallakurichi District 606202",,50.8618,51.8465,51.9212,50.4169,43.6628,50.0,50.0
118,1510,"Priyadarshini Engineering College, Vaniyambadi Post, Thiruppattur District 635751",,50.8344,52.6957,52.6114,52.6758,33.1977,50.0,50.0
119,2610,"Muthayammal Engineering College (Autonomous), Rasipuram, Namakkal District 637408",,50.7977,48.8589,50.222,49.5546,79.2442,50.0,20.8333
120,2623,"Mahendra College of Engineering, Attur Road, Minnampalli, Valapady, Salem District 636106",,50.7941,51.3653,51.2319,50.8889,26.6047,50.0,91.25
121,4954,"Dr. Sivanthi Aditanar College of Engineering, Tiruchendur, Thoothukudi District 628215",,50.7244,50.0777,52.021,48.4396,47.0058,50.0,60.4167
122,2611,"Paavai Engineering College (Autonomous) , NH-7, Pachal Post, Namakkal District 637018",,50.6883,48.0792,50.9836,44.2217,58.6628,50.0,75.4167
123,2625,"The Kavery Engineering College, M Kalipatti Post, Mecheri, Salem District 634456",,50.6284,50.0411,50.0511,50.3932,44.7791,50.0,74.1667
124,4965,"P S R Engineering College (Autonomous), Appayanaickenpatti, Sevalpatty, Virudhunagar District 626140",,50.6015,47.8929,48.4624,46.5165,87.0233,50.0,33.3333
125,3812,"Mookambigai College of Engineering, Keeranur, Pudukkottai District 622502",,50.5643,52.4667,51.889,53.1998,33.1977,50.0,50.0
126,3825,"St. Joseph s College of Engineering and Technology, Elupatti Village, Rawaspatti Post, Thanjavur District 613403",,50.5178,53.2825,52.9797,53.4125,24.5814,50.0,48.75
127,2350,"Jairupaa College of Engineering, Thottiapalayam, Kathankanni Post, Kangayam, Tiruppur District 641 604",,50.4132,52.1612,52.148,52.0763,33.1977,50.0,50.0
128,1430,"Maha Bharathi Engineering College, A Vasudevanur, Chinnasalem, Kallakurichi District 606201",,50.3771,52.4224,52.0318,52.6925,26.6047,50.0,59.1667
129,4966,"PET Engineering College, Vallioor Post, Tirunelveli District 627117",,50.3743,51.5642,50.7326,51.906,40.1047,50.0,53.3333
130,2639,"R P Sarathy Institute of Technology, Poosaripatty Village, Omalur Taluk, Salem District 636305",,50.287,48.7951,47.7813,50.6174,62.0465,47.4563,65.0
131,5912,"Pandian Saraswathi Yadav Engineering College, Thirumansolai Post, Sivagangai District 630 561",,50.2863,51.7619,51.7596,51.7662,38.7093,45.7512,50.0
132,2635,"CMS College of Engineering, Emapuram Post, Namakkal District 637003",,50.2752,52.3957,52.0194,52.9207,33.1977,45.3938,50.0
133,3857,"Meenakshi Ramaswamy Engineering College, Trichy Main Road, Thathanur, Udayarpalayam, Ariyalur District 621804",,50.2561,52.2659,52.4551,52.0851,28.5233,51.1943,50.0
134,1232,"A R M College of Engineering and Technology, Sattamangalam, Maraimalainagar, Chengalpattu District 603209",,50.2129,51.2787,50.6615,52.1348,41.3256,51.1943,47.5
135,2609,"Mahendra Engineering College (Autonomous), Mahendhirapuri, Mallasamudram, Namakkal District 637503",,50.1711,48.5772,48.7913,50.0691,62.5058,50.0,52.0833
136,4970,"Sree Sowdambika College of Engineering, Aruppukkottai Taluk, Virudhunagar District 626134",,50.1612,50.1068,49.1288,51.0997,53.7093,50.0,50.0
137,2607,"K S Rangasamy College of Technology (Autonomous), Tiruchengode, Namakkal District 637215",,50.1459,46.2266,50.2208,45.9351,78.2558,50.0,40.4167
138,1311,"K C G College of Technology(Autonomous), Karappakkam, Chennai 600096",Chennai,50.1048,47.1276,52.2094,44.5723,77.4535,52.642,15.8333
139,1401,"Adhiparasakthi Engineering College, Melmaruvathur, Chengalpattu District 603319",,50.0261,50.8253,50.112,52.8524,33.1977,50.0,67.5
140,1202,"D M I College of Engineering, Palanchoor, Nazrethpet, Chennai 602103",,50.0112,48.0321,47.2453,49.5164,76.1105,50.0,40.8333
141,1118,"Vel Tech Multi Tech Dr. Rangarajan Dr. Sakunthala Engineering College (Autonomous), Avadi-Alamathi Road, Chennai 600 062",,49.9863,47.5408,47.469,48.0051,70.5523,61.0232,41.6667
142,1230,"Apollo Engineering College, Mevaloorkuppam, Valarpuram Post, Sriperumpudur, Kancheepuram District 602105",,49.9855,52.0829,52.0512,52.1388,28.5233,50.0,50.0
143,4983,"Lord Jegannath College of Engineering and Technology, Kumarapuram, Thoppur Post, Kanyakumari District 629402",,49.9453,50.3952,49.9985,50.3651,47.0465,50.0,50.0
144,3831,"Indra Ganesan College of Engineering, Madurai Main Road, Manikandam, Tiruchirappalli District 620012",,49.91,48.1499,48.14,49.258,62.0465,55.564,50.0
145,2633,"Vidyaa Vikas College of Engineering and Technology, Varahoorampatti, Tiruchengode, Namakkal District 637 214",,49.9094,50.301,50.2723,50.5044,47.0465,48.075,50.0
146,5532,"Vaigai College of Engineering, Therkutheru, Melur Taluk, Madurai District 625122",,49.8863,51.1761,50.2854,52.202,38.7093,50.2302,50.0
147,1339,"Mahalakshmi Tech Campus No.1, Bharathiar Street Prashanthi Nagar, Chromepet ,Chennai 600044",Chengalpattu,49.853,50.2876,49.5315,51.2715,47.0465,50.0,50.0
148,3410,"Krishnasamy College of Engineering and Technology, S Kumarapuram, Cuddalore District 607109",,49.8452,52.184,52.8244,51.9164,22.3837,51.1943,50.0
149,2745,"Kathir College of Engineering, Neelambur, Avinashi Road, Coimbatore District 641062",,49.8398,49.9997,49.6532,50.2898,48.1977,43.4001,61.6667
150,4999,"Annai Vailankanni College of Engineering, Pothaiyadi Salai, Pottalkulam, Azhagappapuram, Kanyakumari District 629401",,49.7439,50.038,49.1288,51.1995,47.0465,52.1312,50.0
151,2641,"Varuvan Vadivelan Institute of Technology, Nallanahalli, Dharmapuri District 636701",,49.7249,52.672,52.6114,52.7545,19.314,50.0,50.0
152,4994,"J P College of Engineering, College Road, Ayakudy, Tenkasi Taluk, Tenkasi District 627852",,49.7142,50.9073,51.2695,51.6452,26.6047,47.9431,68.75
153,3760,"Sir Issac Newton College of Engineering and Technology, Anthanapeetai Post, Papakoil, Nagappattinam District 611102",,49.6817,50.1133,50.5027,49.7755,43.6628,50.0,50.0
154,3465,"Government College of Engineering, Srirangam, Sethurappatti, Tiruchirappalli District 620012",,49.6768,52.0651,55.2836,43.5746,19.6977,50.0,57.5
155,2653,"Knowledge Institute of Technology, KIOT Campus, Kakapalayam Post, Salem District 637504",,49.5724,46.7395,49.6294,39.8673,84.3023,57.7511,21.25
156,1310,"Misrimal Navajee Munoth Jain Engineering College, Rajiv Gandhi Salai (OMR), Thorappakkam, Chennai 600096",Chengalpattu,49.4667,51.0754,50.8907,50.593,22.3837,50.0,72.9167
157,4975,"Dr. G U Pope College of Engineering, Sawyerpuram, Thoothukudi District 628251",,49.4611,49.0949,48.1368,50.7773,66.1686,47.9431,29.1667
158,4917,"Sethu Institute of Technology (Autonomous), Kariapatti Post, Virudhunagar District 626115",,49.4365,45.9961,47.8719,47.2854,80.436,50.9481,35.4167
159,2360,"Suguna College of Engineering, Kalappatti Road, Civil Aerodrome Post, Coimbatore District 641014",,49.3674,50.9619,50.53,51.578,33.1977,50.0,50.0
160,4686,"Good Shepherd College of Engineering and Technology, Maruthamparai, Kanyakumari District 629101",,49.3419,51.0322,50.1834,51.8919,41.3256,50.0,34.5833
161,3454,"Sri Ramakrishna College of Engineering, Sri Saradha Nagar, NH-45, Perambalur District 621113",,49.3354,50.4039,49.5508,52.6801,41.3256,45.3938,50.0
162,2342,"Sri Ranganathar Institute of Engineering and Technology, Thudialur-Kovilpalay Road, Coimbatore District 641110",,49.2957,47.5807,47.3721,48.969,68.2791,45.3938,50.0
163,4961,"Nellai College of Engineering (Formerly National College of Engineering), Maruthakulam Post, Tirunelveli District 627151",,49.2847,51.7168,51.3371,52.0779,24.5814,50.0,50.0
164,3701,"K Ramakrishnan College of Technology (Autonomous), Kariyamanickam Road, Samayapuram, Manachanallur Taluk, Tiruchirappalli District 621112",,49.2788,46.2519,47.511,49.9744,87.686,50.0,11.25
165,1519,"Bharathidasan Engineering College, Nattrampalli Post, Thiruppathur District 635854",,49.2736,50.1656,50.5304,49.9867,37.0,51.1943,50.0
166,1222,"P B College of Engineering, Irungkattukottai, Sriperumpudur Taluk, Kancheepuram District 602117",,49.2711,51.8205,51.7219,51.423,23.2558,50.0,50.0
167,2763,"Akshaya College of Engineering and Technology, Kinathukadavu, Coimbatore District 642109",,49.2347,48.4924,48.2818,50.2254,49.2093,50.0,60.0
168,2753,"PPG Institute of Technology, Vilankurichi Village, Coimbatore District 641035",,49.2102,51.1077,50.0429,51.2826,33.1977,49.9637,50.0
169,3852,"Sri Bharathi Engineering College for Women, Kaikkuruchi Village, Alangudi Taluk, Pudukkottai District 622303",,49.2088,50.1888,49.2884,52.105,33.1977,50.0,62.0833
170,4984,"Marthandam College of Engineering & Technology, Kuttakuzhi, Veeyanoor Post, Kanyakumari District 629177",,49.2055,51.8789,51.5986,52.0654,21.7558,50.0,50.0
171,1233,"Adhi College of Engineering and Technology, Pazhayaseevaram, Madura Sankarapuram Village, Kancheepuram District 631605",,49.1178,48.1447,47.3035,50.5233,57.4767,50.0,51.25
172,3807,"J J College of Engineering and Technology, Poolankulathupatti Post, Thiruchirappalli District 620009",,49.1074,46.6151,47.0286,45.8233,58.6628,45.3938,85.4167
173,2758,"J K K Munirajah College of Technology, T N Palayam, Gobi Taluk, Erode District 638506",,49.0886,48.2599,48.2419,48.3912,56.3256,50.0,50.0
174,1316,"Agni College of Technology (Autonomous), Old Mahabalipuram Road (OMR), Thalambur Village, Chengalpattu District 603103",,49.0696,45.718,46.0362,49.9037,88.7558,50.0,21.6667
175,4678,"Ramco Institute of Technology, North venganallur Village, Krishnapuram Panchayat, Rajapalayam, Virudhunagar District 626117",,49.0207,46.1189,50.7627,42.799,65.9535,50.0,42.5
176,1325,"St. Joseph College of Engineering, Trinity Campus, Nemili, Sriperumpudur Taluk, Kancheepuram District 602105",,48.9465,51.284,50.2599,52.8866,28.5233,52.1312,41.25
177,3850,"Vetri Vinayaha College of Engineering and Technology, Namakkal-Trichy Main Road, Tholurpatti Village, Thottiam, Tiruchirappalli District 621215",,48.9241,50.4756,49.9985,50.8533,33.1977,50.0,50.0
178,5832,"N P R College of Engineering and Technology, Natham, Dindigul District 624401",,48.9199,46.3863,46.4263,46.5626,82.0581,50.0,32.0833
179,3821,"A R J College of Engineering and Technology, Mannargudi Taluk, Thiruvarur District 614001",,48.9041,50.6986,49.887,50.3608,33.1977,50.0,50.0
180,3849,"Annai College of Engineering and Technology, Anakudi Road, Kovilacheri, Kumbakonam, Thanjavur District 612503",,48.8802,51.28,50.401,52.1141,24.5814,51.1943,50.0
181,4933,"St. Mother Theresa Engineering College, Vagaikulam, Thoothukudi District 628102",,48.8624,49.8658,49.611,51.1642,33.1977,50.0,56.25
182,5914,"Solamalai College of Engineering, Veerapanjan, Madurai District 625020",,48.8276,49.7611,49.3478,49.8174,39.5814,49.9152,50.0
183,4934,"Holy Cross Engineering College, Vagaikulam, Sri Mulakarai, Srivaikuntam, Thoothukudi District 628851",,48.7571,49.6987,49.1335,50.5755,38.7093,50.0,50.0
184,4024,"University V.O.C. College of Engineering, Thoothukudi, Near V.O.C. College, Millerpuram, Thoothukudi District 628008",,48.7339,48.9502,50.525,46.9034,33.1977,50.0,65.8333
185,2343,"Indian Institute of Handloom Technology, Foulke s Compound, Thillai Nagar, Salem District 636001",,48.725,50.1456,50.0018,42.0492,33.1977,51.1943,72.5
186,2761,"United Institute of Technology, Periyanaickenpalayam, Coimbatore District 641020",,48.6523,48.7948,47.5036,50.7984,37.9419,50.0,70.4167
187,2652,"AL-Ameen Engineering College (Autonomous), Karundevan Palayam, Nanjai Uthukuli Post, Erode District 638104",,48.6119,45.7182,46.1436,42.0492,78.5814,52.1312,50.0
188,1207,"Kings Engineering College, Sriperumpudur Taluk, Kancheepuram District 602105",,48.5022,48.9875,48.3066,49.2635,58.6628,35.1877,43.3333
189,2338,"Asian College of Engineering and Technology, Asian College Road, Kondayampalayam, Near Saravanampatti, Coimbatore District 641110",,48.4944,51.4054,50.6924,51.4434,19.8372,50.0,50.0
190,4931,"Grace College of Engineering, Chandy Nagar, Mullakkadu, Thoothukudi District 628005",,48.4879,50.3445,49.2701,51.3131,28.5233,50.0,54.5833
191,5865,"Nadar Saraswathi College of Engineering and Technology, Vadupudupatti, Annanji Post, Theni District 625531",,48.4201,50.3406,49.53,52.3519,24.5814,50.0,55.4167
192,2719,"Sri Ramakrishna Engineering College (Autonomous), Vattamalaipalayam, Coimbatore District 641022",,48.3983,46.8823,44.5862,38.7383,77.7384,50.0,62.9167
193,4981,"Ponjesly College of Engineering, Vettornimadam Post, Nagercoil, Kanyakumari District 629003",,48.3963,49.4447,49.9128,50.6516,43.6628,50.0,26.25
194,2713,"M P Nachimuthu M Jaganathan Engineering College, Chennimalai, Erode District 638112",,48.3573,50.1886,49.7956,50.6747,28.5233,50.0,50.0
195,1121,"Sri Venkateswara Institute of Science and Technology, Kozhundalur, Thiruvallur District 631203",,48.3284,51.0894,50.8355,50.9129,19.314,50.0,50.0
196,1335,"Sri Krishna Institute of Technology, Panapakkam, Padappai, Chennai 601301",,48.3257,48.7564,47.8382,50.2045,43.6628,50.0,50.0
197,5530,"SSM Institute of Engineering and Technology, Kuttathupatti Village, Sindalaigundu Post, Dindigul District 624002",,48.318,48.5224,48.015,49.8814,54.3023,50.0,30.0
198,1437,"Rrase College of Engineering, Padappai, Kancheepuram 601301",,48.3109,50.4158,49.6215,51.4121,26.6047,50.0,50.0
199,4957,"Jayaraj Annapackiam CSI College of Engineering, Nazareth, Thoothukudi District 628617",,48.2848,47.036,46.8901,49.1738,57.8314,50.0,47.0833
200,2749,"Easa College of Engineering and Technology, NH-47, Coimbatore-Palakkad Main Road, Navakarai Post, Coimbatore District 641105",,48.2546,47.1648,49.4926,46.4058,48.1977,50.0,50.0
201,2630,"Chettinad College of Engineering and Technology, NH-67, Trichy Main Road, Puliyur C F, Karur District 639114",,48.205,48.9973,48.9935,49.1494,43.6628,51.9551,35.0
202,5988,"Theni Kammavar Sangam College of Technology, Theni Main Road, Koduvillarpatti Post, Theni District 625534",,48.2028,49.7175,48.7672,50.0375,27.2326,50.0,63.75
203,4964,"PSN College of Engineering and Technology (Autonomous),Melathediyoor, Tirunelveli-627 152",Tirunelveli,48.1958,46.096,45.6857,47.7508,77.4302,57.4624,17.5
204,1217,"Sree Sastha Institute of Engineering and Technology, Chembarambakkam, Chennai 600103",,48.1466,48.8828,48.6296,49.7619,33.1977,56.501,50.0
205,3810,"MAM College of Engineering, Siruganur, Tiruchirappalli District 621105",,48.1402,49.6505,49.0052,50.6039,29.7791,52.5984,50.0
206,2347,"AVS College of Technology, Attur Main Road, Near AVS College of Arts & Science, Chinnagoundapuram, Salem District 636106",,48.0774,48.7009,48.5169,49.5039,45.4419,49.8673,37.0833
207,3844,"Shivani Engineering College, Trichy-Dindigul NH Road, Poolangulathupatti, Tiruchirappalli - 620009",Tiruchirappalli,48.0521,48.9706,48.007,50.1102,38.7093,50.0,50.0
208,3845,"Imayam College of Engineering, Kannanur, Thuraiyur, Tiruchirappalli District 621206",,48.0419,50.4654,49.5315,50.6373,24.5814,50.0,50.0
209,5942,"Ultra College of Engineering and Technology, Kodikulam, 1 Bit Village, Madurai- Chennai Highway, Madurai District 625104",,47.9603,49.7238,49.1327,50.6552,28.5233,50.0,50.0
210,1014,"University College of Engineering, Tindivanam, Melpakkam, Tindivanam, Villupuram District 604001",,47.9503,49.8458,53.6351,43.3346,20.814,50.0,46.6667
211,3456,"K S K College of Engineering and Technology, Thanjavur Main Road, Darasuram, Kumbakonam, Thanjavur District 612702",,47.9309,48.8143,48.2278,49.9402,38.7093,47.9431,50.0
212,5502,"Sri Raajaraajan College of Engineering & Technology, Amaravathi Village, Amaravathi Pudur Post, Karaikudi, Sivagangai District 630301",,47.9184,48.073,47.7823,48.7727,43.6628,50.3877,50.0
213,3466,"Nelliandavar Institute of Technology, Nerunjikorai Village, Pudhupalayam, Ariyalur Taluk, Ariyalur District 621704",,47.9073,50.6259,50.1533,51.0713,18.8256,50.0,50.0
214,1505,"C Abdul Hakeem College of Engineering and Technology, Melvisharam, Ranipet District 632509",,47.9031,48.8344,50.2036,48.8841,37.7965,50.0,33.75
215,2741,"P A College of Engineering and Technology (Autonomous), Palladam Road, Pollachi, Coimbatore District 642002",,47.8886,46.1597,46.2959,47.3781,78.2558,50.0,14.5833
216,4677,ARUNACHALA HITECH ENGINEERING＜½ COLLEGE,,47.8504,48.0951,46.3764,50.1807,47.0465,50.0,50.0
217,1420,"Tagore Engineering College, Rathnamangalam, Vandalur Post, Chennai 600048",Chengalpattu,47.8317,47.3108,47.451,47.8868,60.4419,50.0,27.0833
218,3461,"Arifa Institute of Technology(Formly Haji sheik Ismail Engineering College), Esanoor, Keelaiyur Post, Thirukkuvalai Taluk, Nagapattinam District 611103",,47.8295,47.3588,47.2345,48.3523,47.0465,52.5984,50.0
219,4932,"Immanuel Arasar J.J. College of Engineering, Edavilagam, Nattalam, Marthandam, Kanyakumari-629165",,47.8128,49.0413,48.5334,50.049,33.1977,50.0,50.0
220,2601,"Adhiyamaan College of Engineering (Autonomous), Hosur, Krishnagiri District 635109",,47.8062,45.7091,45.289,49.4895,68.9767,50.0,37.5
221,5915,"SACS-M A V M M Engineering College, Kidaripatty Post, Madurai District 625301",,47.7959,49.06,48.4138,50.378,33.1977,49.6487,50.0
222,3018,"University College of Engineering, Thirukkuvalai, Nagappattinam District 610204",,47.7581,49.9456,50.03,49.3174,28.5233,50.0,39.1667
223,2354,"Pollachi Institute of Engineering and Technology, Main Road, Poosaripatti, Pollachi Taluk, Coimbatore District 642205",,47.756,48.8978,48.6296,49.7133,33.1977,50.0,50.0
224,4949,"PSN Institute of Technology and Science,Melathediyoor, Tirunelveli-627 152",Tirunelveli,47.7518,48.5862,48.3009,50.1394,47.0465,34.3472,50.0
225,3918,"Shanmuganathan Engineering College, Pillivalam Post, Pudukkottai District 622507",,47.7411,50.3063,49.8086,51.3498,20.814,47.8959,50.0
226,2357,"V S B College of Engineering Technical Campus (Autonomous), Ealur Pirivu, Solavampalayam Post, Coimbatore District 642109",,47.7379,43.6562,45.1651,43.8747,89.2907,62.6489,12.0833
227,4982,"Vins Christian College of Engineering, Chunkankadai Post, Nagercoil, Kanyakumari District 629807",,47.7237,48.6364,48.3432,49.9767,33.1977,52.1312,50.0
228,4946,"D M I Engineering College, Aralvaimozhi Village, Thovalai, Kanyakumari District 629301",,47.7098,47.1456,46.6331,48.8712,41.3256,50.0,67.9167
229,3786,"M.A.M. School of Engineering, Siruganur, Tiruchirappalli District 621105",,47.7076,47.5431,46.1397,50.5025,62.0465,52.1312,19.1667
230,1304,"Easwari Engineering College (Autonomous), Ramapuram, Chennai 600089",Chennai,47.6749,46.2033,47.4363,39.493,87.2326,50.0,4.5833
231,1523,"Global Institute of Engineering and Technology, Bangalore-Chennai Highway, Melvisharam, Walajah Taluk, Ranipet District 632506",,47.6372,48.2135,47.7296,49.6695,38.7093,50.0,50.0
232,2776,"R V S Technical Campus-Coimbatore, Kumaran Kottam Campus, Kannampalayam, Sulur, Coimbatore District 641 402",,47.629,48.0206,48.7776,49.6146,43.5233,47.4563,36.6667
233,5913,"R V S College of Engineering, N Paraipatti Post, Dindigul District 624005",,47.5768,49.1258,48.4138,50.4877,33.1977,45.3938,50.0
234,1317,"St. Josephs College of Engineering (Autonomous), Old Mahabalipuram Road (OMR), Chennai 600 119",Chennai,47.5749,44.8933,50.4872,29.7084,90.9593,50.0,8.75
235,2751,"KGISL Institute of Technology, KGISL Campus, Thudiyalur Road, Saravanampatti, Coimbatore District 641035",,47.5393,46.1101,53.8583,24.6286,72.3081,42.3938,31.6667
236,2743,"Dhanalakshmi Srinivasan College of Engineering (CBE), NH47, Palakkad Main Road, Navakkarai Post, Near Nandhi Temple, Coimbatore District 641105",,47.3821,44.4468,44.396,47.4064,84.7209,43.4001,30.4167
237,1321,"Central Institute of Petrochemicals Engineering and Technology (Formerly Central Institute of Plastics Engineering and Technology) (CIPET), Guindy, Chennai 600032",Chennai,47.3447,47.0887,46.5929,42.0492,67.6279,50.0,27.5
238,1421,"V R S College of Engineering and Technology, Arasur, Villupuram District 607107",,47.3172,47.8063,47.7316,49.3247,37.0,50.0,50.0
239,1452,"PERI Institute of Technology, Mannivakkam, West Tambaram, Chennai 600048",Chengalpattu,47.2329,45.7182,46.1436,42.0492,62.0465,51.1943,50.0
240,4996,"Sri Vidya College of Engineering and Technology, Sivakasi Main Road, P Kumaralinapuram, Virudhunagar District 626005",,47.1585,47.8302,47.1302,49.3587,24.5814,49.436,76.6667
241,2750,"KIT - Kalaignar Karunanidhi Institute of Technology (Autonomous), Kannampalayam, Coimbatore District 641402",,47.1505,44.8581,50.0558,27.3903,89.8605,51.1943,9.5833
242,1427,"Sri Krishna Engineering College, Panappakkam, Padappai, Chennai 601301",,47.1473,46.766,46.9984,48.6392,43.6628,50.0,50.0
243,5919,"St. Michael College of Engineering and Technology, Kalayarkoil, Sivagangai District 630551",,47.1403,49.504,49.3569,49.6102,40.3837,51.1943,7.0833
244,1225,"Loyola Institute of Technology, Mevaloorkuppam, B Village, Palanchoor, Nazarethpet Post, Chennai 600123",,47.1134,46.0027,46.011,49.0826,60.4419,50.0,29.5833
245,5862,"R V S Educational Trusts Groups of Institutions (Integrated Campus), N Paraipatti Post, Vedasandur Taluk, Dindigul District 624005",,47.0872,47.9606,47.9024,47.9287,33.1977,52.1312,50.0
246,1228,"Alpha College of Engineering, No.34, Udayavar Koil Street, Poonamallee, Thirumazhisai, Chennai - 600124",,47.0786,48.5717,48.4162,48.7585,28.5233,50.0,50.0
247,2640,"Jayalakshmi Institute of Technology, Thoppur, Dharmapuri District 635352",,47.0589,48.9467,48.6983,50.0523,24.5814,48.5071,50.0
248,2683,"Shreenivasa Engineering College, B Pallipatti, Bommidi, Pappireddipatti Taluk, Dharmapuri District 635301",,47.0049,50.1339,49.6324,51.0191,26.0814,52.1312,18.75
249,1307,"Jerusalem College of Engineering (Autonomous), Narayanapuram, Pallikaranai, Chennai 600 100",Chennai,46.9124,44.7834,44.3321,46.5846,84.5233,40.0557,24.1667
250,2327,"N S N College of Engineering and Technology, Karur-Madurai NH7, Manalmedu, Karur District 639003",,46.8968,47.8643,47.8432,47.8619,33.1977,50.0,50.0
251,3801,"A V C College of Engineering, Mannampandal Post, MayiladuthuraiDistrict 609305",,46.8948,47.2525,47.5361,46.4373,50.5,50.6604,26.6667
252,1110,"Prathyusha Engineering college, Aranvoyalkuppam, Thiruvallur District 602025",,46.8944,47.2725,45.9105,49.1901,53.4709,51.9424,24.5833
253,2748,"Surya Engineering College, Mettukadai, Kathirampatti Post, Erode District 638107",,46.8538,49.0026,48.5334,49.9837,21.4767,50.0,50.0
254,1518,"Thiruvalluvar College of Engineering and Technology, Vandavasi, Thiruvannamalai District 604505",,46.8509,47.7286,47.3721,49.2487,33.1977,50.0,50.0
255,1416,"Jaya Sakthi Engineering College, Thirunindravur, Chennai 602024",,46.8389,48.4075,48.1865,48.9565,26.9535,50.0,50.0
256,1106,"Jaya Engineering College, Thirunindravur, Chennai 602024",,46.6617,45.7182,46.1436,42.0492,55.8023,50.0,50.0
257,4967,"S Veerasamy Chettiar College of Engineering and Technology, Puliangudi Post, Tenkasi District 627855",,46.6502,48.1706,48.0386,49.0217,24.5814,52.1312,50.0
258,1127,"St. Peters College of Engineering and Technology, College Road, Avadi, Chennai 600 054",,46.6044,47.809,47.1069,49.3679,34.6977,44.7314,50.0
259,3817,"Roever Engineering College, Elambalur, Perambalur District 621212",,46.5769,46.1956,45.4214,49.6057,54.3023,47.4563,34.1667
260,1501,"Adhiparasakthi College of Engineering, Kalavai, Ranipet District 632506",,46.5761,47.7872,47.1854,49.211,47.0465,50.0,16.6667
261,3016,"University College of Engineering, Ariyalur, Kathankudikadu Village, Thelur Post, Ariyalur District 621704",,46.5673,48.2845,48.7049,47.7658,33.1977,50.0,30.8333
262,3021,"University College of Engineering, Pattukkottai, ECR Road, Rajamadam, Pattukkottai Taluk, Thanjavur District 614701",,46.5498,48.8626,47.8586,50.7806,20.0465,50.0,50.0
263,1423,"Asan Memorial College of Engineering and Technology,Chengalpattu-603 001.",Chengalpattu,46.5492,47.2613,47.3263,48.2594,33.1977,49.9442,50.0
264,1306,"Jeppiaar Engineering College, Old Mahabalipuram Road (OMR), Chennai 600119",Chengalpattu,46.5226,45.8415,47.0749,48.4389,33.1977,50.0,63.3333
265,5703,"Christian College of Engineering and Technology, Oddanchatram, Dindigul District 624619",,46.5157,48.4631,48.238,49.8348,24.5814,45.3938,50.0
266,4992,"Bethlahem Institute of Engineering, Karungal, Kanyakumari District 629157",,46.5035,48.0347,47.5365,49.7251,26.0814,50.0,50.0
267,3908,"Mount Zion College of Engineering and Technology, Pilivalam Post, Pudukkottai District 622507",,46.4605,47.0862,48.1476,47.8862,29.7791,50.0,50.0
268,5022,"University College of Engineering, Dindigul, Mangarai Pirivu, Reddiyarchathiram, Dindigul District 624622",,46.45,49.4569,49.3448,49.5446,22.3837,50.0,28.3333
269,5017,"University College of Engineering, Ramanathapuram, Pullangudi, Ramanathapuram District 623513",,46.4013,48.7245,47.8565,50.026,18.4767,50.0,52.9167
270,4989,"PSN Engineering College, Melathediyoor, Tirunelveli District 627152",,46.3987,46.4696,46.4638,48.127,38.7093,50.0,50.0
271,1513,"Sri Balaji Chockalingam Engineering College, Arni, Thiruvannamalai District 632317",,46.3949,47.2396,47.2345,47.554,33.1977,50.0,49.1667
272,3822,Tittagudi Sengunthar Engineering＜½ College,Cuddalore,46.351,48.7251,48.007,50.0687,18.5814,50.0,50.0
273,1114,"S A Engineering College (Autonomous), Thiruverkadu, Chennai 600077",,46.3434,44.5775,44.4003,43.1421,78.843,50.0,17.9167
274,2723,"Velalar College of Engineering and Technology (Autonomous), Thindal Post, Erode District 638012",,46.3366,43.6248,44.6324,45.1048,77.7442,44.4083,28.75
275,2752,"Nandha College of Technology, Pitchandampalayam Post, Erode District 638052",,46.1601,44.6204,44.557,46.5161,73.2558,48.149,15.4167
276,2617,"Sengunthar Engineering College (Autonomous), Tiruchengode, Namakkal District 637205",,46.1074,45.5701,45.3382,48.9372,48.1977,52.1312,35.8333
277,1512,"S K P Engineering College, Thiruvannamalai District 606611",,46.0918,48.085,47.655,47.8953,22.9419,50.0,50.0
278,3833,"Parisutham Institute of Technology and Science, Ring Road, Nanjikottai, Thanjavur District 613006",,46.0533,45.7182,46.1436,42.0492,48.1977,50.0,50.0
279,1107,"Jaya Institute of Technology, Kanchipadi Post, Thiruvallur-Tiruttani NH Road, Thiruvallur District 631204",,45.9612,45.7182,46.1436,42.0492,47.0465,50.0,50.0
279,2332,"Aishwarya College of Engineering and Technology, Errattaikaradu Paruvachi Post, Anthiyur (Via), Bhavani Taluk, Erode District 638312",,45.9612,45.7182,46.1436,42.0492,47.0465,50.0,50.0
279,3848,"Vandayar Engineering College, Pulavarnatham Post, Mariamman Koil (Via), Thanjavur District 613001",,45.9612,45.7182,46.1436,42.0492,47.0465,50.0,50.0
279,3926,"Chendhuran College of Engineering and Technology, Madurai Road, Lenavilakku, Pilivalam Post, Pudukkottai - 622 507",Pudukkottai,45.9612,45.7182,46.1436,42.0492,47.0465,50.0,50.0
279,4927,"Maria College of Engineering and Technology, Attoor Puliyamoodu Junction, Thiruvattar Post, Kanyakumari District 629177",,45.9612,45.7182,46.1436,42.0492,47.0465,50.0,50.0
279,4956,"Jayamatha Engineering College, Aralvaimozhi, Kanyakumari District - 629301",,45.9612,45.7182,46.1436,42.0492,47.0465,50.0,50.0
279,4968,"Sardar Raja College of Engineering, Alangulam, Tenkasi District 627808",,45.9612,45.7182,46.1436,42.0492,47.0465,50.0,50.0
286,4976,"Infant Jesus College of Engineering, Thoothukudi Highway (NH7/A), Thoothukudi District 628851",,45.9449,47.8969,47.8432,48.1204,20.814,49.9394,50.0
287,2716,"Park College of Engineering and Technology, Kaniyur, Coimbatore District 641659",,45.8822,46.7276,46.5385,48.0677,39.5814,56.4624,22.9167
288,3820,"Trichy Engineering College, Konalai, Tiruchirappalli District 621132",,45.8716,47.2984,47.383,48.5689,24.5814,48.9716,50.0
289,2634,"Excel Engineering College (Autonomous), NH-544, Salem Main Road, Pallakapalayam, Sankari West Post, Komarapalayam Taluk, Namakkal District - 637303",,45.8561,43.8215,44.6603,47.9525,69.2326,52.1312,11.6667
290,2341,"Ganesh College of Engineering, Attur Main Road, Mettupatti, Salem District 636111",,45.8329,45.7182,46.1436,42.0492,45.4419,50.0,50.0
291,1212,"Rajiv Gandhi College of Engineering, Nemili, Sriperumpudur Taluk, Kancheepuram District 602105",,45.8306,48.9912,48.007,42.0492,22.9419,50.0,50.0
292,3905,"Kings College of Engineering, Punalkulam, Pudukkottai District 613303",,45.8073,45.7182,46.1436,42.0492,43.5233,52.1312,50.0
293,1241,"T J S Engineering College, Peruvoyal, Near Kavaraipettai, Gummidipoondi Taluk, Thiruvallur District 601206",,45.777,45.7182,46.1436,42.0492,48.1977,45.3938,50.0
294,1525,"Podhigai College of Engineering and Technology, Vinayakapuram, Adiyur Post, Tirupattur District 635601",,45.7622,45.7182,46.1436,42.0492,43.6628,51.1943,50.0
295,1436,"A R Engineering College, Vadakuchipalayam, Kappiyampuliyur Post, Villupuram District 605601",,45.6905,45.7182,46.1436,42.0492,43.6628,50.0,50.0
296,1126,"J N N Institute of Engineering (Autonomous), Ushaa Garden, Kannigaipair Village, Uthukottai Taluk, Thiruvallur District 601102",,45.6699,44.7397,46.5645,45.4751,63.3372,44.8246,12.5
297,2772,"C M S College of Engineering and Technology, Appachigoundenpathy, Kumittipathi Post, Coimbatore District 641032",,45.6281,45.7182,46.1436,42.0492,38.7093,55.564,50.0
298,2734,"SNS College of Engineering (Autonomous), Sathy Main Road, Kurumbapalayam Post, Coimbatore District 641107",,45.6145,44.9842,45.6025,50.1671,48.1977,50.0,25.8333
299,1507,"Ganadipathy Tulsis Jain Engineering College, Kaniyambadi, Vellore District 632102",,45.604,46.9188,46.8393,48.0737,26.0814,50.0,48.3333
300,2638,"Mahendra Engineering College for Women, Kumaramangalam, Namakkal District 637205",,45.5622,45.7182,46.1436,42.0492,42.0581,50.0,50.0
301,2642,"P S V College of Engineeering and Technology, Mittapalli, Balinayanapalli Post, Elathagiri, Krishnagiri District 635108",,45.5262,45.6718,46.357,47.2447,38.7093,50.0,38.75
302,1319,"Thangavelu Engineering College, Karappakkam, Chennai 600097",Chennai,45.5036,45.7182,46.1436,42.0492,41.3256,50.0,50.0
303,2632,"Mahendra Institute of Technology (Autonomous), Mahendhirapuri, Mallasamudram, Namakkal District 637503",,45.4962,47.1101,46.7244,48.4094,41.6047,50.0,12.9167
304,2356,"Arulmurugan College of Engineering, Karvazhi Road, Thennilai Post, Karur District 639206",,45.4282,45.7182,46.1436,42.0492,40.3837,50.0,50.0
305,4993,"Loyola Institute of Technology and Science, Loyola Nagar, P B No.2, Thovalai, Kanyakumari District 629302",,45.3881,45.7182,46.1436,42.0492,41.3256,48.075,50.0
306,2627,"Selvam College of Technology, Pappanaickenpatti Post, Namakkal District 637003",,45.3873,45.7182,46.1436,42.0492,39.5814,50.3877,50.0
307,1426,"Sri Ramanujar Engineering College, Vandalur, Kolappakkam, Chennai 600127",Chengalpattu,45.2943,45.7182,46.1436,42.0492,38.7093,50.0,50.0
307,1445,"Sri Rangapoopathi College of Engineering, Alampoondi Village, Gingee, Villupuram District 604151",,45.2943,45.7182,46.1436,42.0492,38.7093,50.0,50.0
307,3808,"Jayaram College of Engineering and Technology, Karattampatti, Pagalavadi Po,Thuraivur, Trichy-621014",Tiruchirappalli,45.2943,45.7182,46.1436,42.0492,38.7093,50.0,50.0
307,3846,"Mother Terasa College of Engineering and Technology, Mettusalai Post and Taluk, Pudukkottai District 622102",,45.2943,45.7182,46.1436,42.0492,38.7093,50.0,50.0
307,4952,"C S I Institute of Technology, Thovalai, Kanyakumari District 629302",,45.2943,45.7182,46.1436,42.0492,38.7093,50.0,50.0
307,5533,"Karaikudi Institute of Technology and Karaikudi Institute of Management, KIT & KIM Technical Campus, Keeranipatti, Thalakkuvur, Karaikudi, Sivagangai District 630307",,45.2943,45.7182,46.1436,42.0492,38.7093,50.0,50.0
313,1115,"Sri Ram Engineering College, Perumalpattu, Veppampattu (R S), Thiruvallur District 602 024",,45.2326,45.7182,46.1436,42.0492,38.7093,48.9716,50.0
314,4023,"University College of Engineering, Nagercoil, Nagercoil Industrial Estate, Konam, Kanyakumari District 629004",,45.2315,47.0024,48.4543,37.4516,33.1977,51.1943,40.0
315,1122,"Vel Tech High Tech Dr. Rangarajan Dr. Sakunthala Engineering College (Autonomous), Avadi-Alamathi Road, Chennai 600 062",,45.205,43.3894,46.0306,42.9818,60.6279,50.0,22.5
316,4955,"Francis Xavier Engineering College (Autonomous), Vannarpettai, Tirunelveli District 627003",,45.1822,41.3403,44.6508,38.8828,87.6802,51.1943,8.3333
317,3803,"Anjalai Ammal Mahalingam Engineering College, Kovilvenni, Thiruvarur District 614403",,45.1796,45.5428,47.5987,41.9238,45.5872,51.7041,20.0
318,2705,"CSI College of Engineering, Ketti, The Nilgiris 643215",The Nilgiris,45.1518,45.7182,46.1436,42.0492,40.3837,45.3938,50.0
319,1015,"University College of Engineering, Arni, Arni to Devikapuram Road, Thatchur, Arni, Thiruvannamalai District 632326",,45.079,47.8758,47.6837,49.2114,20.2209,49.891,27.9167
320,2744,"Adithya Institute of Technology, Kurumbapalayam Village, Coimbatore District 641107",,45.0175,45.7182,46.1436,42.0492,33.6512,52.1312,50.0
321,2378,Cheran college of Technology.＜½ Kangeyam.,,44.9812,45.7182,46.1436,42.0492,33.1977,52.1312,50.0
321,3813,"Oxford Engineering College,Karumandapam,Pirattiyur,Trichy-620 009",Tiruchirappalli,44.9812,45.7182,46.1436,42.0492,33.1977,52.1312,50.0
323,2704,"Coimbatore Institute of Engineering and Technolgoy (Autonomous), Narasipuram Post, Coimbatore District 641109",,44.8957,45.0161,46.7347,42.2024,37.9419,50.0,42.0833
324,3860,"St. Anne s College of Engineering and Technology, Anguchettypalayam, Siruvathur Post, Panruti, Cuddalore District 607110",,44.8892,45.7182,46.1436,42.0492,33.1977,50.5977,50.0
325,3819,"Saranathan College of Engineering, Panjappur, Tiruchirappalli District 620012",,44.8839,42.6717,46.8779,31.8198,67.5814,50.0,32.9167
326,5904,"K L N College of Engineering (Autonomous), Pottapalayam, Sivagangai District 630611",,44.8712,43.5508,43.6124,45.5489,65.186,50.0,17.0833
327,1102,Bhajarang Engineering College,,44.8533,45.7182,46.1436,42.0492,33.1977,50.0,50.0
327,1125,"PMR Engineering College,Adayalampattu, Chennai-600095",,44.8533,45.7182,46.1436,42.0492,33.1977,50.0,50.0
327,1213,"S K R Engineering College, Poonamallee, Chennai 600123",,44.8533,45.7182,46.1436,42.0492,33.1977,50.0,50.0
327,1235,"Jei Mathaajee College of Engineering, Vishaandikuppam,Karappettai (via), Siruvakkam, Kancheepuram District 631 552",,44.8533,45.7182,46.1436,42.0492,33.1977,50.0,50.0
327,1333,"Vi Institute of Technology, Sirunkundram Village & Post, Chengalpattu District 603108",,44.8533,45.7182,46.1436,42.0492,33.1977,50.0,50.0
327,1438,"Sree Krishna College of Engineering, Anaicut Post, Unnai Village, Vellore District 632101",,44.8533,45.7182,46.1436,42.0492,33.1977,50.0,50.0
327,1449,"Saraswathy College of Engineering and Technology, NH-45, Main Road, Olakkur, Tindivanam Taluk, Villupuram District 604307",,44.8533,45.7182,46.1436,42.0492,33.1977,50.0,50.0
327,1511,"Ranipettai Engineering College, Thenkadappanthangal, Ranipet District 632513",,44.8533,45.7182,46.1436,42.0492,33.1977,50.0,50.0
327,1514,"Sri Nandhanam College of Engineering and Technology, Molagarampatti, Tirupattur, Vellore-635601",,44.8533,45.7182,46.1436,42.0492,33.1977,50.0,50.0
327,2346,"Shree Sathyam College of Engineering and Technology, NH-47, Manjakkalpatti, Kuppanur Post, Sankari Taluk, Salem District 637301",,44.8533,45.7182,46.1436,42.0492,33.1977,50.0,50.0
327,2612,"P G P College of Engineering and Technology, Paramathi Post, Namakkal District 637207",,44.8533,45.7182,46.1436,42.0492,33.1977,50.0,50.0
327,2767,"SRG Engineering College, Aniyapuram Post, Namakkal District 637017",,44.8533,45.7182,46.1436,42.0492,33.1977,50.0,50.0
327,3460,"Surya College of Engineering, Konalai, Tiruchirappalli District 621132",,44.8533,45.7182,46.1436,42.0492,33.1977,50.0,50.0
327,3814,"P R Engineering College, Vallam, Thanjavur District 613403",,44.8533,45.7182,46.1436,42.0492,33.1977,50.0,50.0
327,3815,"Pavendar Bharathidasan College of Engineering and Technology, Pudukkottai Main Road, Tiruchirappalli District 622515",,44.8533,45.7182,46.1436,42.0492,33.1977,50.0,50.0
327,3855,"As-Salam College of Engineering and Technology, Thirumangalakudi, Aduthurai, Thiruvidaimaruthur, Thanjavur District 612102",,44.8533,45.7182,46.1436,42.0492,33.1977,50.0,50.0
327,4937,"A.R College of Engineering and Technology, A.R Nagar, Kadayam-Alangulam Road, Therkkumadathoor P.o,Ambasamudram Taluk,Tirunelveli-627423",,44.8533,45.7182,46.1436,42.0492,33.1977,50.0,50.0
327,4938,"Sivaji College of Engineering and Technology, Manivilla Palulai Panchayat, Vilavancode, Kanyakumari District 629171",,44.8533,45.7182,46.1436,42.0492,33.1977,50.0,50.0
327,4943,"Satyam College of Engineering and Technology,Satyam Nagar,Aralvoimozhi,Kanyakumari-629301",,44.8533,45.7182,46.1436,42.0492,33.1977,50.0,50.0
327,4979,"Arul Tharum VPMM College of Engineering and Technology (Formerly V.P.Muthaiah Pillai Meenakshi Ammal Engineering College for Women), Krishnakoil,Virudhunagar-626 190",Virudhunagar,44.8533,45.7182,46.1436,42.0492,33.1977,50.0,50.0
327,4986,Noorul Islam College of Engineering and Technology,Kanyakumari,44.8533,45.7182,46.1436,42.0492,33.1977,50.0,50.0
327,4995,"P.S.R.R College of Engineering, Appayanaickenpatti, Sevalpatti, Virudhunagar District 626140",,44.8533,45.7182,46.1436,42.0492,33.1977,50.0,50.0
327,5930,"SBM College of Engineering and Technology, Thamaraipady, T N Paraipatti Pirivu, Dindigul District 624005",,44.8533,45.7182,46.1436,42.0492,33.1977,50.0,50.0
350,2647,"J K K Nataraja College of Engineering and Technology, Komarapalayam Amani, Thattankuttai Panchayat, Namakkal District 638183",,44.8084,45.7182,46.1436,42.0492,33.1977,49.2513,50.0
351,5902,"Bharath Niketan Engineering College, Thimmarasanaickanoor, Aundipatti, Theni District 625536",,44.7808,47.8249,47.1036,48.8704,21.4767,50.3877,23.75
352,5842,"Madurai Institute of Engineering and Technology, Pottapalayam Village, Manamadurai Taluk, Sivagangai District 630611",,44.7697,45.1715,45.6118,46.3035,33.1977,50.0,44.5833
353,2367,"Arjun College of Technology, Chettiyakkapalayam, Kinathukadavu, Coimbatore District 642120",,44.6965,46.6089,47.053,49.5693,24.5814,50.0,25.0
354,1116,"Sri Venkateswara College of Engineering and Technology, Thirupachur, Thiruvallur District 631203",,44.6364,46.2472,46.7565,46.7719,33.1977,50.0,20.4167
355,2717,"Sasurie College of Engineering, Vijayamangalam, Tiruppur District 638056",,44.6331,45.7182,46.1436,42.0492,33.1977,46.3299,50.0
356,4977,"Narayanaguru College of Engineering, Manjalumoodu, Kanyakumari District 629151",,44.6073,45.7182,46.1436,42.0492,28.5233,52.1312,50.0
357,1318,"T.J Institute of Technology, Karapakkam, Chennai - 600097",Chennai,44.4794,45.7182,46.1436,42.0492,28.5233,50.0,50.0
357,1444,"R.M. Engineering College Zamin Endathur, Madurantakam (TK), Chengalpattu Dt-603311",Chengalpattu,44.4794,45.7182,46.1436,42.0492,28.5233,50.0,50.0
357,2616,"Sapthagiri College of Engineering, Periyanahalli Post, Dharmapuri District 635205",,44.4794,45.7182,46.1436,42.0492,28.5233,50.0,50.0
357,3766,"Star Lion College of Engineering and Technology, Manankorai Main Road, Manankorai Village, Thanjavur District 614206",,44.4794,45.7182,46.1436,42.0492,28.5233,50.0,50.0
357,4941,"Unnamalai Institute of Technology, Ayyaneri, Kovilpatti, Thoothukudi District 628502",,44.4794,45.7182,46.1436,42.0492,28.5233,50.0,50.0
357,5537,"Jainee College of Engineering and Technology, Dindigul-Theni Main Road (Near Vakkampatti), Dindigul District 624303",,44.4794,45.7182,46.1436,42.0492,28.5233,50.0,50.0
363,2658,"V S A Group of Institutions, NH-47, Uthamasola Puram Post, Salem District 636010",,44.4699,45.7182,46.1436,42.0492,28.5233,49.8425,50.0
364,2624,"Gnanamani College of Technology (Autonomous), Pachal Post, Namakkal District 637018",,44.3438,43.5484,44.4944,43.0216,58.8663,45.3938,23.3333
365,1520,"Kingston Engineering College, Chithoor Main Road, Christianpet Village, Katpadi Taluk, Vellore District 632059",,44.3078,46.4649,46.216,49.6973,33.1977,50.0,6.25
366,2768,"Park College of Technology, Prema Ravi Nagar, Karumathampatti, Coimbatore - 641 659",Coimbatore,44.284,45.7182,46.1436,42.0492,26.0814,50.0,50.0
367,1218,"Sri Muthukumaran Institute of Technology, Near Mangadu, Chennai 600069",,44.2826,45.7223,45.6478,45.9366,22.3837,50.0,50.0
368,2732,"Info Institute of Engineering, Sarkar Samakulam, Coimbatore District 641107",,44.2383,45.7182,46.1436,42.0492,26.9535,48.075,50.0
369,1150,"Sri Jayaram Institute of Engineering and Technology, 51 N, Elavur, 58N, Natham, Gummidipoondi Taluk, Thiruvallur District 601201",,44.2357,45.7182,46.1436,42.0492,24.5814,51.1943,50.0
369,4929,"M E T Engineering College, Mogals Garden, Thovalai Village, Aralvaimozhi Town Panchayat, Thovalai, Kanyakumari District 629304",,44.2357,45.7182,46.1436,42.0492,24.5814,51.1943,50.0
371,1221,"Jaya College of Engineering and Technology, Parivakkam, Poonamallee, Chennai 600056",,44.1822,45.7182,46.1436,42.0492,24.5814,50.3029,50.0
372,1124,"SAMS College of Engineering and Technology, Panappakkam, Chennai-Tirupathi Road, Uthukkottai Taluk, Thiruvallur District 601102",,44.164,45.7182,46.1436,42.0492,24.5814,50.0,50.0
372,1229,"Indira Institute of Engineering and Technology, VGR Gardens, Pandur, Thiruvallur District 631203",,44.164,45.7182,46.1436,42.0492,24.5814,50.0,50.0
372,1402,"Annai Teresa College of Engineering, Thirunavalur, Kallakkurichi District 607204",,44.164,45.7182,46.1436,42.0492,24.5814,50.0,50.0
372,1526,"Sri Krishna College of Engineering, Tiruttani High Road, Arakkonam, Ranipet District 631003",,44.164,45.7182,46.1436,42.0492,24.5814,50.0,50.0
372,2602,"Annai Mathammal Sheela Engineering College, Erumapatty Post, Namakkal District 637013",,44.164,45.7182,46.1436,42.0492,24.5814,50.0,50.0
372,2770,"Studyworld College of Engineering, Madukarai Post, Coimbatore - 641 105.",Coimbatore,44.164,45.7182,46.1436,42.0492,24.5814,50.0,50.0
372,4675,"Universal College of Engineering and Technology, Anbagam Campus, Radhapuram Road, Vallioor, Tirunelveli District 627117",,44.164,45.7182,46.1436,42.0492,24.5814,50.0,50.0
372,5924,"Ganapathy Chettiar College of Engineering and Technology, Melakavanur Post, Paramakudi, Ramanathapuram District 623706",,44.164,45.7182,46.1436,42.0492,24.5814,50.0,50.0
372,5935,"Fatima Michael College of Engineering and Technology, Sengottai Village, Sivagangai Main Road, Madurai District 625020",,44.164,45.7182,46.1436,42.0492,24.5814,50.0,50.0
381,1415,"T S M Jain College of Technology, Melur Village, Kallakurichi District 606201",,44.0329,45.7182,46.1436,42.0492,22.9419,50.0,50.0
382,4953,"CAPE Institute of Technology, Levingipuram, Tirunelveli District 627114",,43.9905,45.7182,46.1436,42.0492,20.814,52.1312,50.0
383,3923,"M N S K College of Engineering, Vallathirakkottai Post, Pudukkottai District 622305",,43.9882,45.7182,46.1436,42.0492,22.3837,50.0,50.0
384,5990,"Latha Mathavan Engineering College, Kidaripatti Post, Alagarkoil (Via), Melur Taluk, Madurai District 625301",,43.9873,45.7182,46.1436,42.0492,21.4767,51.1943,50.0
385,2659,"Salem College of Engineering and Technology, Salem-Attur Main Road, NH-68, Mettupatty Perumapalayam, Salem District 636111",,43.9519,45.7182,46.1436,42.0492,21.9302,50.0,50.0
386,3854,"Mahath Amma Institute of Engineering and Technology (MIET), Ariyur, Annavasal Road, Illupur Taluk, Pudukkottai District 622101",,43.9157,45.7182,46.1436,42.0492,21.4767,50.0,50.0
387,1524,"Annamalaiar College of Engineering, Modaiyur Village, Polur Taluk, Thiruvannamalai District 606902",,43.8968,45.7182,46.1436,42.0492,19.314,52.5701,50.0
388,2614,"S S M College of Engineering, Komarapalayam, Namakkal District 638183",,43.8877,45.7182,46.1436,42.0492,24.5814,45.3938,50.0
389,1503,"Arulmigu Meenakshi Amman College of Engineering, Vadamavandal,Thiruvannamalai District 604410",,43.8648,45.7182,46.1436,42.0492,20.814,50.0363,50.0
390,1133,"Annai Veilankannis College of Engineering, Gandhi Road, Nedungundram, Chennai 600048",Chengalpattu,43.8626,45.7182,46.1436,42.0492,20.814,50.0,50.0
390,1209,"Pallavan College of Engineering, Thimmasamudram, Kancheepuram District 631502",,43.8626,45.7182,46.1436,42.0492,20.814,50.0,50.0
390,3782,"OASYS Institute of Technology , Pulivalam Village, Musiri Taluk, Tiruchirappalli District 621006",,43.8626,45.7182,46.1436,42.0492,20.814,50.0,50.0
393,2733,"Angel College of Engineering and Technology, P.K.Palayam, Ugayanur Village, Tirupur District 641 665",,43.8012,45.7182,46.1436,42.0492,20.0465,50.0,50.0
393,4978,"Udaya School of Engineering, Ammandivilai Post, Kanyakumari District 629204",,43.8012,45.7182,46.1436,42.0492,20.0465,50.0,50.0
395,2706,"Dr. Mahalingam College of Engineering and Technology (Autonomous), Mackinaickenpatti Post, Pollachi Taluk, Coimbatore District 642003",,43.801,39.7421,45.8634,32.9937,76.8314,50.0,18.3333
396,5851,"Veerammal Engineering College, PVP Nagar, K.Singrakottai, Dindigul-624708",Dindigul,43.7752,45.7182,46.1436,42.0492,18.8256,51.1943,50.0
397,3920,"Sudharsan Engineering College, Sathiyamangalam Post, Pudukkottai District 622501",,43.7598,47.3743,46.98,49.0331,18.4767,45.3938,16.25
398,4998,"Mahakavi Bharathiyar College of Engineering and Technology, Vasudevanallur, Tenkasi District 627758",,43.7426,45.7182,46.1436,42.0492,19.314,50.0,50.0
399,5010,"Anna University Regional Campus - Madurai, Kanyakumari National Highway, Keelakuilkudi, Madurai District 625019",,43.7126,45.8731,48.6268,34.9874,33.1977,50.0,19.5833
400,1529,"Oxford College of Engineering, Venmani Village, Karaipoondi Post, Polur Taluk, Thiruvannamalai District 606803",,43.7036,45.7182,46.1436,42.0492,18.8256,50.0,50.0
400,5911,"P T R College of Engineering and Technology, Thanapandiyan Nagar, Austinpatty Post, Madurai District 625008",,43.7036,45.7182,46.1436,42.0492,18.8256,50.0,50.0
402,4925,"Sun College of Engineering and Technology, Ammandivilai & Post, Kanyakumari District - 629204",,43.6617,45.7182,46.1436,42.0492,18.3023,50.0,50.0
403,2368,"Vishnu Lakshmi College of Engineering and Technology, Vellalore Post, Coimbatore District 641111",,43.6561,45.7182,46.1436,42.0492,18.2326,50.0,50.0
404,2737,"Sri Sai Ranganathan Engineering College, Zahirnaickenpalayam Village, Viraliyur Post, Thondamuthur Via, Coimbatore District 641109",,43.6531,43.5056,43.6992,46.1229,53.7093,50.0,7.5
405,1517,"Thirumalai Engineering College, Kilambi, Kancheepuram District 631551",,43.5439,45.7182,46.1436,42.0492,18.3721,47.9431,50.0
406,4020,"Anna University Regional Campus - Tirunelveli, Trivandrum Road, Palayamkottai, Tirunelveli District 627007",,42.932,43.0216,45.1405,37.62,33.1977,51.1943,45.8333
407,3795,"SRM TRP Engineering College, Irungalur, Manachanallur Taluk, Tiruchirappalli District 621105",,42.5495,39.8245,43.3942,39.4778,68.5698,50.0,5.0
408,2673,"Sree Sakthi Engineering College, Bettathapuram, Bilichi Village, Karamadai, Coimbatore District 641104",,42.3546,41.289,41.4507,43.5062,62.0465,52.1312,2.0833
409,1309,"Meenakshi Sundararajan Engineering College, Kodambakkam, Chennai 600024",Chennai,42.2975,37.4328,38.7954,35.2554,91.1337,51.3274,25.4167
410,4676,"Renganayagi Varatharaj College of Engineering, Salvarpatti, Sivakasi, Virudhunagar District 626128",,42.1435,44.6272,45.0662,46.3342,22.3837,50.0,10.0
411,1413,"Sri Venkateswaraa College of Technology (Autonomous), BHB Nagar, Vadakal Village, Oragadam Post, Sriperumbudur Taluk, Kanchipuram District 602118",,42.0806,41.8506,45.0358,41.1427,39.5814,50.0,14.1667
412,2369,"Government College of Engineering, Chettikkarai Post, Dharmapuri District 635704",,42.0196,44.6748,45.0144,33.5617,20.2209,50.0,49.5833
413,1419,"Sri Sai Ram Enginering College (Autonomous), West Tambaram, Chennai 600044",,40.563,38.2303,41.4041,31.635,70.7674,50.0,5.8333
414,2725,"Sri Ramakrishna Institute of Technology (Autonomous), Pachapalayam, Coimbatore District 641010",,40.3655,38.8803,39.5655,38.9634,60.2151,50.0,10.4167
415,1026,"University College of Engineering, Kancheepuram, Ponnerikarai Campus, NH4, Chennai-Bangalore Highway, Karaipettai Village & Post, Kancheepuram District 631552",,40.2657,40.219,43.563,39.0518,33.1977,50.0,15.0
416,2329,"Rathinam Technical Campus, Pollachi Road, Eachanari, Coimbatore District 641021",,39.8156,35.7425,42.6637,26.4318,75.6453,50.0,3.75
417,5910,"P S N A Colllege of Engineering and Technology, Dindigul District 624622",,39.7282,37.1796,40.2423,25.606,78.6395,50.0,6.6667
418,2727,"Sri Shakthi Institute of Engineering and Technology (Autonomous), L&T Bye- Pass, Venkitapuram Post, Comibatore District 641062",,39.5955,34.2538,36.4532,34.919,93.6395,50.0,4.1667
419,1422,"SRM Valliammai Engineering College (Autonomous), Kattankulathur, Chennai 603203",Chengalpattu,39.5324,36.5014,40.9731,28.4743,68.3256,50.0,13.3333
420,2736,"Dr. N G P Institute of Technology (Autonomous), Kalapatti Road, Coimbatore District 641035",,39.1976,36.8449,37.707,29.6165,82.6279,45.3938,5.4167
421,1120,"Velammal Engineering College (Autonomous), Ambattur-Redhills Road, Chennai 600066",Chennai,38.8997,33.3028,36.926,30.3701,91.9826,50.0,7.9167
422,1324,"Sri Sai Ram Institute of Technology (Autonomous), West Tambaram, Chennai 600044",Chennai,38.02,34.3985,37.8228,31.9194,73.0698,50.0,1.6667
423,3464,"Government College of Engineering, Gandarvakottai Road, Sengipatti, Thanjavur District 613402",,36.9597,38.2519,41.6611,32.7098,20.3953,50.0,10.8333
424,2726,"SNS College of Technology (Autonomous), Kalappatti Post, Coimbatore District 641035",,36.8455,32.708,36.5559,33.225,69.3023,50.6441,0.8333
425,2618,"Sona College of Technology (Autonomous), Suramangalam Post, Salem District 636005",,34.87,30.7172,36.6777,17.5158,75.4419,52.1312,0.4167
426,5009,"Government College of Engineering, Melachokkanathapuram, Bodinayakkanur, Theni District 625582",,33.62,34.6924,36.5834,33.57,19.314,50.0,2.5
427,1128,"R M K College of Engineering and Technology (Autonomous), Puduvoyal, Gummidipoondi Taluk, Thiruvallur District 601206",,33.289,30.6137,31.8127,32.2738,59.3081,44.8161,3.3333
428,1112,"R M D Engineering College (Autonomous), Kavaraipettai, Gummidipoondi, Thiruvallur District 601206",,32.2216,28.6591,30.1032,25.8975,68.2093,45.3938,9.1667
429,1149,"St. Josephs Institute of Technology (Autonomous), Jeppiaar Nagar, Old Mahabalipuram Road (OMR), Chennai 600119",Chennai,31.6621,26.3549,29.2511,24.3704,77.8198,50.0,1.25
430,1210,"Panimalar Engineering College (Autonomous), Nazarethpet, Poonamallee, Chennai 600123",,26.8671,19.206,23.8446,10.1068,94.1453,48.9716,2.9167
